cellID,sortVar,ds,s,dsdt,d2sdt2
1,-6886.68,0.15146490020960243,0.15146490020960243,NA,NA
1,-6879.65,0.1095626893797988,0.2610275895894012,0.015585019826427961,NA
1,-6869.12,0.07838025834264767,0.3394078479320489,0.0074435193107929365,-7.731719388067636e-4
1,-6858.62,0.09433262980097122,0.4337404777330201,0.008984059981044875,1.4671815907161314e-4
1,-6851.63,0.16652065852042147,0.6002611362534416,0.02382269792853028,0.002122838046850625
1,-6844.65,0.10570296589536686,0.7059641021488084,0.015143691389020017,-0.0012434106790128476
1,-6837.69,0.20933323777498852,0.9152973399237969,0.030076614622843015,0.0021455349473883507
1,-6830.74,0.09106974122882759,1.0063670811526246,0.013103559889040302,-0.0024421661487486557
1,-6823.79,0.16567007772295106,1.1720371588755756,0.02383742125510148,0.0015444404843253897
1,-6816.86,0.10470574703352836,1.276742905909104,0.015109054405991923,-0.0012595045958310519
1,-6809.94,0.07471904053478418,1.3514619464438882,0.010797549210228814,-6.230498837807895e-4
1,-6803.03,0.12671871008512162,1.4781806565290099,0.018338452979033918,0.0010913030056158124
1,-6796.13,0.08401494306479201,1.5621955995938017,0.012176078705042939,-8.93097720868305e-4
1,-6789.25,0.07297454289419814,1.6351701424879999,0.010606764955551887,-2.2809792870509112e-4
1,-6782.37,0.21956159229908348,1.8547317347870833,0.03191302213649418,0.0030968397065322616
1,-6775.5,0.10474343349966633,1.9594751682867497,0.015246496870402923,-0.002425986210493672
1,-6768.65,0.06405509415066547,2.0235302624374154,0.009351108635133179,-8.606406182875082e-4
1,-6761.8,0.271034448505186,2.294564710942601,0.03956707277448281,0.00441108965537986
1,-6754.97,0.0925576847189062,2.3871223956615073,0.01355163758695567,-0.003808994903005479
1,-6748.15,0.22455555998900334,2.6116779556505105,0.03292603518900042,0.002840820762762902
1,-6741.33,0.2712410083896988,2.8829189640402095,0.03977140885479627,0.0010037204788557394
1,-6734.53,0.18180176184166016,3.0647207258818696,0.02673555321200812,-0.0019170375945276176
1,-6727.73,0.38527459693289096,3.4499953228147606,0.05665802896071775,0.004400364080692475
1,-6720.95,0.1344257893140803,3.5844211121288407,0.019826812583198402,-0.005432332799044356
1,-6714.18,0.07158160098802954,3.6560027131168704,0.010573353174008078,-0.001366832999880498
1,-6707.41,0.22227564135406577,3.878278354470936,0.03283244333146991,0.0032879010572319637
1,-6700.66,0.12986929581497278,4.008147650285909,0.019239895676292258,-0.0020137107637300225
1,-6693.91,0.09498956825848683,4.103137218544396,0.014072528630887017,-7.655358585785542e-4
1,-6687.18,0.1875567847887125,4.290694003333108,0.027868764455976854,0.0020499607466702425
1,-6680.45,0.062275195893857785,4.352969199226966,0.009253372346783615,-0.0027660315169675976
1,-6673.74,0.16823505148015186,4.521204250707118,0.025072287850991196,0.0023575134879593885
1,-6667.03,0.1532346538580625,4.67443890456518,0.022836759144271447,-3.331637416869951e-4
1,-6660.33,0.14742893360572412,4.821867838170904,0.02200431844861611,-1.2424487994856093e-4
1,-6653.64,0.40075672349278413,5.222624561663689,0.059903845066189565,0.005665101138651079
1,-6646.96,0.19311148896089325,5.415736050624582,0.028908905533066576,-0.004639961007952341
1,-6640.29,0.08568029687305154,5.501416347497633,0.012845621720097528,-0.002408288427731465
1,-6633.63,0.10040769794260752,5.6018240454402415,0.015076230922313886,3.349263066391001e-4
1,-6626.97,0.09051106448323068,5.692335109923472,0.013590249922407285,-2.2312027025625134e-4
1,-6620.33,0.0902217211685775,5.782556831092049,0.013587608609724777,-3.9778805459452337e-7
1,-6613.69,0.22809973046701135,6.010656561559061,0.034352369046234996,0.0031272229573056014
1,-6607.06,0.040275806208804145,6.050932367767865,0.006074782233606163,-0.004265096050170776
1,-6600.44,0.2913472966917509,6.342279664459616,0.044010165663401206,0.005730420457672274
1,-6593.83,0.13277670507613154,6.475056369535747,0.020087247364014835,-0.0036192009530087075
1,-6587.23,0.05282822436117887,6.527884593896926,0.0080042764183599225,-0.0018307531735839767
1,-6580.63,0.10349510230712301,6.631379696204049,0.015681076107141194,0.0011631514679972584
1,-6574.04,0.15415278487309927,6.785532481077149,0.023391924866934186,0.0011700832715922339
1,-6567.46,0.04813019274527,6.833662673822419,0.007314618958247797,-0.0024433595605906637
1,-6560.88,0.10951540009016478,6.943178073912583,0.01664367782525316,0.0014177901013686118
1,-6554.32,0.13994407902398764,7.08312215293657,0.021332938875606503,7.148263796269904e-4
1,-6547.76,0.10685850326103914,7.18998065619761,0.016289405984915874,-7.688312333370457e-4
1,-6541.2,0.11115750306638628,7.301138159263997,0.016944741321094435,9.98986792955062e-5
1,-6534.66,0.15088823726457037,7.4520263965285665,0.023071595912013874,9.368279191008369e-4
1,-6528.12,0.15927788895011066,7.611304285478678,0.02435441727065934,1.9615005483875704e-4
1,-6521.59,0.1277344688494987,7.739038754328176,0.019561174402680414,-7.340341298589757e-4
1,-6515.06,0.09057891477438774,7.829617669102563,0.013871196749523912,-8.713595180944447e-4
1,-6508.54,0.10436184875354784,7.933979517856112,0.01600641852048179,3.2748800168063433e-4
1,-6502.03,0.13825615243418976,8.0722356702903,0.021237504214160423,8.035461895051393e-4
1,-6495.52,0.07660050567592337,8.148836175966224,0.011766590733630029,-0.001454825419436467
1,-6489.02,0.1836490721213902,8.332485248087615,0.02825370340329086,0.0025364788722555126
1,-6482.52,0.09259878482567487,8.42508403291329,0.014245966896257737,-0.0021550363856974036
1,-6476.03,0.33430703027476305,8.759391063188053,0.05151109865558204,0.0057419309336394974
1,-6469.55,0.11120894746532876,8.870600010653382,0.017161874608848198,-0.005300806180051875
1,-6463.07,0.25776724242727617,9.128367253080658,0.039778895436305105,0.0034902809918912433
1,-6456.6,0.30401395206579457,9.432381205146452,0.04698824606890654,0.0011142736680992524
1,-6450.13,0.16510497803401297,9.597486183180465,0.02551854374559596,-0.0033183465723817204
1,-6443.66,0.16522186544938638,9.762708048629852,0.025536609806704955,2.7922814697052184e-6
1,-6437.2,0.1071232941990137,9.869831342828865,0.0165825532815809,-0.001386076861474304
1,-6430.75,0.266194565394983,10.136025908223848,0.04127047525503727,0.0038275848020863667
1,-6424.3,0.37620729153078303,10.51223319975463,0.05832671186523925,0.0026443777690236376
1,-6417.85,0.28337318724886096,10.795606387003492,0.0439338274804448,-0.0022314549433790484
1,-6411.41,0.15361948310021714,10.94922587010371,0.023853957003137624,-0.003117992310140619
1,-6404.97,0.12271614155278826,11.071942011656498,0.01905530148335332,-7.451328446870501e-4
1,-6398.54,0.23667845576121815,11.308620467417716,0.036808469014184726,0.002760990284732598
1,-6392.11,0.040676902353450194,11.349297369771167,0.006326112341127259,-0.004740646449930962
1,-6388.89,0.12153023546161314,11.47082760523278,0.037742309149576866,0.009756582859768943
1,-6385.68,0.10323993323815264,11.574067538470931,0.03216197297138654,-0.001738422485417528
1,-6379.26,0.21796549965855114,11.792033038129484,0.0339510124078738,2.7866657889209377e-4
1,-6372.83,0.12686042367952519,11.918893461809008,0.019729459359178594,-0.0022117500853335243
1,-6366.42,0.2268656558924254,12.145759117701434,0.03539245801754007,0.0024435255317257145
1,-6360,0.44406894535038455,12.589828063051819,0.06916961765582232,0.0052612398190470195
1,-6353.59,0.10690449682436112,12.69673255987618,0.016677768615345357,-0.008189056012555094
1,-6347.18,0.13061696911866816,12.827349528994848,0.020377062265003243,5.771128938623978e-4
1,-6340.77,0.10229874233029322,12.92964827132514,0.015959242173212932,-6.892075026194089e-4
1,-6334.36,0.5465915235574922,13.476239794882632,0.08527168854250027,0.010813174160573959
1,-6327.96,0.20444771991880956,13.680687514801443,0.03194495623731601,-0.008332301922685513
1,-6321.55,0.09599033175303402,13.776677846554476,0.014975090757103713,-0.002647404911109623
1,-6315.15,0.13601868670045936,13.912696533254936,0.021252919796945068,9.80910787475128e-4
1,-6308.75,0.09797874802086944,14.010675281275805,0.015309179378261744,-9.287094404193221e-4
1,-6302.35,0.12955998295628818,14.140235264232093,0.020243747336921067,7.71026243540563e-4
1,-6295.95,0.0734284241188302,14.213663688350923,0.011473191268566295,-0.0013703993856803163
1,-6289.55,0.23174230528378018,14.445405993634704,0.03620973520059285,0.0038650849893793688
1,-6283.16,0.1984765421989529,14.643882535833656,0.031060491736923577,-8.058283980702671e-4
1,-6276.76,0.15739824686985152,14.801280782703508,0.024593476073415676,-0.001010471197423167
1,-6267.16,0.1354394290531556,14.936720211756663,0.014108273859703167,-0.0010922085639283449
1,-6257.56,0.08778807850608696,15.02450829026275,0.00914459151105122,-5.17050244651274e-4
1,-6251.17,0.2520702950005053,15.276578585263255,0.03944762050085957,0.004742258057872739
1,-6244.77,0.15371844370759802,15.430297028970854,0.024018506829313592,-0.0024107990111791964
1,-6238.36,0.1194207084114716,15.549717737382325,0.018630375727216434,-8.405820752100648e-4
1,-6231.96,0.18891231397803435,15.73863005136036,0.029517549059069628,0.0017011208331021582
1,-6225.56,0.22785504849125346,15.966485099851614,0.0356023513267604,9.507503543267372e-4
1,-6219.15,0.2305741853862526,16.197059285237867,0.03597101176072159,5.7513328231067444e-5
1,-6212.74,0.08554343848567356,16.28260272372354,0.013345310216173804,-0.003529750630974773
1,-6206.33,0.09133004826286382,16.373932771986404,0.014248057451305307,1.4083420204859967e-4
1,-6199.92,0.14071125167264553,16.51464402365905,0.021951833334266486,0.0012018371112264203
1,-6193.51,0.08687199601650887,16.601516019675557,0.013552573481514932,-0.0013103369505072925
1,-6187.09,0.10904889447191556,16.710564914147472,0.016985809107774696,5.347719044018264e-4
1,-6180.67,0.07204019251808838,16.78260510666556,0.01122121378786405,-8.979120435997789e-4
1,-6174.24,0.08698368718480602,16.86958879385037,0.013527789608834325,3.5872096749147277e-4
1,-6167.81,0.07888293192882119,16.94847172577919,0.012267952088464703,-1.959311851274873e-4
1,-6161.38,0.16004045480529447,17.108512180584484,0.024889650825083518,0.0019629391503294315
1,-6154.95,0.15782834716906957,17.266340527753552,0.024545621643711005,-5.3503760711119414e-5
1,-6148.51,0.14432998943777656,17.41067051719133,0.02241148904313474,-3.313870497789439e-4
1,-6142.06,0.12671530009962537,17.537385817290954,0.019645782961182322,-4.287916406127899e-4
1,-6135.61,0.1884481092323726,17.72583392652333,0.029216761121295204,0.0014838725829630702
1,-6129.16,0.12424494200413598,17.850078868527465,0.019262781706068148,-0.001543252622515866
1,-6122.7,0.0774861602191666,17.92756502874663,0.011994761643833729,-0.001125080504989842
1,-6116.23,0.08448312278242874,18.012048151529058,0.013057669672708378,1.6428253923873369e-4
1,-6109.76,0.16450672971523536,18.176554881244293,0.025426078781337222,0.0019116551945332451
1,-6103.28,0.05949692112060712,18.2360518023649,0.009181623629722855,-0.0025068603629032683
1,-6096.79,0.11957244071663634,18.355624243081536,0.018424104887001316,0.0014241111336330927
1,-6090.3,0.07679693243878903,18.432421175520325,0.011833117479012594,-0.0010155604634805768
1,-6083.8,0.15719763536986042,18.589618810890187,0.02418425159536333,0.0019001744794385745
1,-6077.3,0.12127212504112134,18.710890935931307,0.018657250006326145,-8.503079367749514e-4
1,-6070.79,0.0971101960969024,18.80800113202821,0.01491708081365587,-5.745267577066282e-4
1,-6064.26,0.2305175740489225,19.038518706077134,0.035301313024339004,0.003121628209905655
1,-6057.74,0.08624668904892385,19.124765395126058,0.01322801979277883,-0.003385474422018205
1,-6051.2,0.056417543720150176,19.181182938846206,0.008626535737025695,-7.035908342130214e-4
1,-6044.65,0.16032595116949944,19.341508890015707,0.024477244453358218,0.002419955529211005
1,-6038.1,0.1291473620922495,19.470656252107958,0.019717154517903103,-7.267312878558235e-4
1,-6031.53,0.1503498526276801,19.621006104735635,0.022884300247741712,4.820617549221174e-4
1,-6024.96,0.14448962901032356,19.76549573374596,0.021992333182699084,-1.357636324265856e-4
1,-6018.38,0.056352069243483856,19.821847802989446,0.008564144261927791,-0.002040758194646116
1,-6008.48,0.18350104002572878,20.005348843015174,0.01853545858845637,0.0010072034673260636
1,-5998.56,0.17466124357757082,20.180010086592745,0.017606980199353396,-9.359661180474333e-5
1,-5991.94,0.15600099746218618,20.33601108405493,0.02356510535682288,9.000189059620488e-4
1,-5985.3,0.1350989621362018,20.471110046191132,0.020346229237381466,-4.847704999159181e-4
1,-5978.65,0.13942819268318538,20.610538238874316,0.02096664551626651,9.329568103533755e-5
1,-5971.99,0.17475996693678925,20.785298205811106,0.02624023527579488,7.918302942234962e-4
1,-5965.32,0.1258272737507285,20.911125479561836,0.01886465873324264,-0.00110578358958803
1,-5958.63,0.07412935218672928,20.985254831748563,0.011080620655714715,-0.0011635333449220315
1,-5951.93,0.2047257499549629,21.189980581703526,0.030556082082831237,0.0029067852876294106
1,-5945.22,0.18862452626974013,21.378605107973268,0.02811095771531154,-3.6440005477193473e-4
1,-5938.5,0.10547237185123434,21.484077479824503,0.015695293430242698,-0.0018475690900399365
1,-5931.76,0.27458212382173874,21.75865960364624,0.04073918751064485,0.0037157112878936143
1,-5925.01,0.22271793099125317,21.981377534637492,0.03299524903574096,-0.0011472501444302053
1,-5918.24,0.21352974704613273,22.194907281683626,0.03154058302010647,-2.1486942623846384e-4
1,-5911.45,0.18345812847591786,22.378365410159542,0.027018870173183655,-6.659370908575609e-4
1,-5904.66,0.0852460613516329,22.463611471511175,0.01255464821084437,-0.002130224147619936
1,-5897.84,0.5590587928497353,23.02267026436091,0.08197343003662173,0.01017870701257776
1,-5891.02,0.46623986388716016,23.488910128248072,0.06836361640574497,-0.001995573846169699
1,-5884.17,0.18296320443574351,23.671873332683816,0.026709956851931994,-0.006080826212235148
1,-5877.31,0.15141101072934932,23.823284343413164,0.022071575908069217,-6.761488256360056e-4
1,-5870.43,0.1965783754904343,24.0198627189036,0.028572438298028004,9.448927892381808e-4
1,-5863.53,0.15195420899790324,24.171816927901503,0.02202234913012918,-9.492882852026532e-4
1,-5856.62,0.07119314507464193,24.243010072976144,0.010302915350888965,-0.0016960106771693865
1,-5849.69,0.09000217153115012,24.333012244507294,0.012987326339270784,3.873608929843732e-4
1,-5842.74,0.28992405674638466,24.62293630125368,0.041715691618186175,0.004133577737973545
1,-5835.77,0.09147434336306896,24.71441064461675,0.01312400909082872,-0.00410210653190246
1,-5828.78,0.13522739684327953,24.84963804146003,0.019345836458264244,8.901040582882559e-4
1,-5821.77,0.1335530431484172,24.983191084608446,0.01905178932217268,-4.1946809713493976e-5
1,-5814.75,0.13057003192964434,25.11376111653809,0.018599719648096202,-6.439738946957977e-5
1,-5807.7,0.09863602505209432,25.212397141590184,0.013990925539303834,-6.537296608215957e-4
1,-5800.63,0.10842153135762939,25.320818672947812,0.015335435835591578,1.901711875937482e-4
1,-5793.54,0.0955403369350318,25.416359009882843,0.013475364870949049,-2.6235133492841906e-4
1,-5786.43,0.08467325661975998,25.501032266502605,0.011909037499263886,-2.2029920839454782e-4
1,-5779.3,0.06823586541153313,25.56926813191414,0.00957024760330056,-3.2802102327675895e-4
1,-5772.15,0.09629366995104043,25.665561801865177,0.013467646146997286,5.450907054120879e-4
1,-5764.97,0.12593847724270285,25.791500279107883,0.017540177888957703,5.67204977988965e-4
1,-5757.77,0.12241019667563492,25.913910475783517,0.017001416204949646,-7.482801166778762e-5
1,-5746.93,0.10449519908465077,26.018405674868166,0.009639778513343893,-6.791178682293039e-4
1,-5736.04,0.3660672247710261,26.384472899639192,0.033614988500552334,0.002201580347769304
1,-5728.74,0.3993915368585635,26.783864436497755,0.05471116943267844,0.002889887798921312
1,-5721.42,0.10707843719666174,26.890942873694417,0.014628201802823319,-0.0054758152499804254
1,-5714.08,0.07801247154525331,26.96895534523967,0.010628402117881765,-5.449318371854869e-4
1,-5706.71,0.10765745580694157,27.07661280104661,0.014607524532827938,5.399080617294751e-4
1,-5699.31,0.04184401274053789,27.11845681378715,0.00565459631628952,-0.001209855164397143
1,-5691.89,0.1359971305046725,27.254453944291825,0.018328454245912684,0.0017080671064181993
1,-5684.44,0.1595838233971096,27.41403776768893,0.021420647435851134,4.150594885823018e-4
1,-5676.96,0.04826551347442583,27.462303281163358,0.0064526087532659265,-0.002001074690185305
1,-5669.46,0.14213766167140318,27.604440942834763,0.018951688222854084,0.0016665439292784209
1,-5661.92,0.3500530902297675,27.95449403306453,0.04642613928776781,0.003643826401182209
1,-5654.36,0.3587999006324263,28.313293933696954,0.04746030431645558,1.3679431596398363e-4
1,-5646.77,0.13243642523952973,28.445730358936487,0.01744880437938683,-0.003954084313184687
1,-5639.15,0.17641160572356085,28.622141964660045,0.023151129360044587,7.483366116347978e-4
1,-5635.33,0.1672012960098689,28.789343260669916,0.043769972777456534,0.005397602988851706
1,-5631.5,0.10239629953656156,28.891739560206478,0.026735326249755467,-0.004447688388433783
1,-5627.66,0.09290951272465055,28.984649072931127,0.02419518560537645,-6.614949594736768e-4
1,-5616.11,0.18546537348464998,29.170114446415777,0.016057608093908847,-7.045521654950196e-4
1,-5608.37,0.22932354701320892,29.399437993428986,0.029628365247185446,0.0017533277975810054
1,-5600.59,0.16211584813294347,29.56155384156193,0.020837512613489786,-0.0011299296444339266
1,-5592.78,0.17327761990322926,29.73483146146516,0.022186635070834713,1.7274295228487298e-4
1,-5584.94,0.1582575894538293,29.893089050918988,0.020185917022171658,-2.551936286559971e-4
1,-5577.07,0.16710316702231665,30.060192217941307,0.021232931006648154,1.3303862572763795e-4
1,-5569.17,0.16407501220327386,30.22426723014458,0.020768988886491268,-5.872685065277313e-5
1,-5561.23,0.36188837304345656,30.586155603188036,0.04557788073594873,0.0031245455729793283
1,-5553.25,0.12345971510275158,30.709615318290787,0.015471142243453325,-0.003772774247180081
1,-5545.24,0.33282781146085577,31.042443129751643,0.04155153701134167,0.00325597937177124
1,-5537.2,0.07063995374187057,31.113083083493514,0.00878606389824272,-0.004075307601131729
1,-5529.11,0.0809617144021125,31.194044797895625,0.01000762847986522,1.5099685804975004e-4
1,-5521,0.20886768564413014,31.402912483539755,0.025754338550448588,0.0019416411924271276
1,-5512.84,0.7810332191936671,32.183945702733425,0.09571485529334364,0.008573592738100037
1,-5504.65,0.23475755798033188,32.418703260713755,0.028663926493323062,-0.008186926593408597
1,-5496.42,0.33029705638733836,32.74900031710109,0.04013329968254615,0.0013936054907926726
1,-5488.15,0.2442118046286045,32.9932121217297,0.02952984336500515,-0.0012821591677799804
1,-5479.84,0.22697043510184195,33.22018255683154,0.027312928411775496,-2.667767693417318e-4
1,-5471.5,0.0986550029834584,33.318837559814995,0.011829137048375822,-0.001856569707841655
1,-5463.11,0.14171879292751374,33.460556352742515,0.016891393674316395,6.033678934374702e-4
1,-5454.68,0.04151640276051059,33.50207275550302,0.004924840185113917,-0.001419519986856863
1,-5446.22,0.14560437861655645,33.647677134119576,0.017210919458221407,0.0014522552332278294
1,-5437.71,0.11356590731317798,33.761243041432756,0.013344994983922161,-4.5428019674490557e-4
1,-5429.16,0.19451129133957965,33.95575433277234,0.022749858636207744,0.0010999840528988752
1,-5424.86,0.27156182093634423,34.22731615370868,0.06315391184565809,0.009396291444057823
1,-5420.56,0.34422980923546725,34.57154596294415,0.08005344400826282,0.003930123758745951
1,-5411.93,0.5774169616329531,35.1489629245771,0.0669081067940836,-0.001523214045675441
1,-5407.59,0.458171612658101,35.607134537235204,0.10556949600416828,0.008908154195871747
1,-5403.24,0.15583361648476243,35.76296815371997,0.03582381988155175,-0.016033488763818552
1,-5394.52,0.18271183925462953,35.9456799929746,0.02095319257507378,-0.001705347168174207
1,-5385.75,0.13656100938705668,36.08224100236165,0.015571380773893355,-6.136615508757305e-4
1,-5372.51,0.4535365444001892,36.53577754676184,0.03425502601209981,0.0014111514530367644
1,-5359.17,0.297767859356015,36.83354540611786,0.022321428737332158,-8.945725093528876e-4
1,-5354.7,0.14650948192979565,36.980054888047654,0.032776170454091515,0.0023388683930109086
1,-5341.22,0.2618188498930984,37.24187373794075,0.01942276334518581,-9.906088359722654e-4
1,-5332.17,0.33616618257282654,37.578039920513575,0.037145434538432935,0.001958306209198538
1,-5318.51,0.1678332927300806,37.745873213243655,0.01228647823792693,-0.0018198357467427721
1,-5304.74,0.15932700944180414,37.90520022268546,0.011570588920972989,-5.198905714988516e-5
1,-5295.49,0.6412371155883791,38.54643733827384,0.0693229314149602,0.0062434964858364556
1,-5286.2,0.06719738092196803,38.61363471919581,0.007233302575023486,-0.006683490725504516
1,-5276.85,0.595236954310123,39.20887167350593,0.0636617063433325,0.0060351233976804605
1,-5262.73,0.1770922039718998,39.38596387747783,0.012541940791210012,-0.0036203799966090357
1,-5248.5,0.08868217981122738,39.47464605728906,0.006232057611470984,-4.434211651257359e-4
1,-5238.94,0.2707599339641494,39.74540599125321,0.028322168824700743,0.002310681089249878
1,-5229.33,0.2617179722228697,40.007123963476076,0.02723392010643885,-1.1324128181705843e-4
1,-5219.66,0.12308519271111107,40.130209156187185,0.012728561810869496,-0.0015000370522822383
1,-5209.94,0.13333695026893935,40.263546106456126,0.013717793237544988,1.0177278052216728e-4
1,-5200.16,0.13700639384030586,40.400552500296435,0.014008833726003351,2.9758741151162674e-5
1,-5190.33,0.412222576432774,40.81277507672921,0.04193515528309036,0.002840927930527692
1,-5180.44,0.32140228911269064,41.1341773658419,0.03249770365143373,-9.542418232210634e-4
1,-5170.49,0.19791883586038767,41.332096201702285,0.019891340287476238,-0.00126697119235756
1,-5160.48,0.06969960617487633,41.401795807877164,0.006962997619867893,-0.0012915427240367695
1,-5150.41,0.148557324963159,41.55035313284032,0.01475246523963867,7.735320377131083e-4
1,-5140.29,0.07538968750376619,41.62574282034409,0.007449573864008519,-7.21629582572157e-4
1,-5130.1,0.45127210118873756,42.07701492153282,0.04428578029330253,0.003614936842914177
1,-5119.86,0.25444758593649175,42.33146250746932,0.024848397064109313,-0.0018981819559757722
1,-5109.55,0.13511889817781006,42.466581405647126,0.013105615730146911,-0.0011389700614901049
1,-5099.18,0.32397947942750527,42.79056088507463,0.031241994158872754,0.0017489275244673126
1,-5088.74,0.6998351523358689,43.4903960374105,0.06703401842297231,0.0034283548145687555
1,-5078.25,0.5141201682520573,44.004516205662554,0.04901050221659358,-0.0017181616974622598
1,-5067.69,0.23240558185386961,44.23692178751643,0.022008104342222203,-0.0025570452532547683
1,-5057.06,0.6062878367781213,44.84320962429455,0.05703554438176557,0.003295149580390029
1,-5046.37,0.11748394455903864,44.960693568853586,0.010990079004586348,-0.004307340072701313
1,-5035.62,0.07372963731237395,45.03442320616596,0.006858570912779114,-3.843263341216032e-4
1,-5024.79,0.4645092035201145,45.49893240968608,0.04289096985411995,0.003327091314989942
1,-5013.9,0.4426906442630412,45.941623053949115,0.040651115175668044,-2.056799521076068e-4
1,-5002.95,0.18878064859453123,46.130403702543646,0.017240241880779324,-0.002137979296336905
1,-4991.92,0.17412967864833878,46.30453338119199,0.015786915561953378,-1.3176122564152127e-4
1,-4980.82,0.6914115147810435,46.99594489597303,0.06228932565594795,0.004189406314774148
1,-4969.66,0.18464251937991,47.18058741535294,0.0165450286182714,-0.004098951347462109
1,-4958.42,0.22876665655682019,47.40935407190976,0.020352905387617977,3.3877907200592985e-4
1,-4947.11,0.14648518718101974,47.55583925909078,0.012951829105306447,-6.543834025032067e-4
1,-4935.73,0.42945184440698986,47.98529110349777,0.03773742042240656,0.0021779957220650153
1,-4924.28,0.6212709309419705,48.60656203443974,0.05425946995126444,0.0014429737579788769
1,-4912.75,0.3963811679276835,49.002943202367426,0.03437824526692928,-0.0017243039622147095
1,-4901.15,0.40723276069942155,49.41017596306685,0.035106272474087014,6.276096613428549e-5
1,-4889.48,0.10485574845570413,49.515031711522546,0.008985068419511341,-0.0022383208272986725
1,-4877.73,0.15601359025705797,49.67104530177961,0.013277752362303042,3.653348036418469e-4
1,-4865.9,0.09333407195853836,49.764379373738144,0.007889608787703969,-4.554643765510656e-4
1,-4854,0.2943336714942013,50.058713045232345,0.02473392197430333,0.0014154885030756197
1,-4842.02,0.1266251341723296,50.185338179404674,0.010569710698859234,-0.001182321475412739
1,-4829.96,0.6788504684343648,50.86418864783904,0.05628942524331233,0.0037910211065051067
1,-4817.82,0.28605764031767533,51.150246288156715,0.02356323231611734,-0.0026957325310703545
1,-4805.6,0.3193624828562436,51.46960877101296,0.02613440939903921,2.1040728992815106e-4
1,-4793.3,0.20120761912631782,51.67081639013928,0.016358343018399914,-7.948021447674106e-4
1,-4780.92,0.090002202371476,51.76081859251075,0.007269967881378983,-7.341175393393256e-4
1,-4768.46,0.07043848086544294,51.8312570733762,0.005653168608783943,-1.2975917115529983e-4
1,-4755.92,0.09942528840752797,51.930682361783724,0.00792865138815981,1.8145795688802823e-4
1,-4743.29,0.14560774342198748,52.076290105205715,0.011528720777671371,2.8504112347676406e-4
1,-4730.57,0.10923791111640398,52.18552801632212,0.008587886094056599,-2.3119769525272905e-4
1,-4717.78,0.08120781178995773,52.266735828112076,0.006349320702889685,-1.7502465919991557e-4
1,-4704.89,0.28093238086221467,52.54766820897429,0.021794598980777638,0.0011982372597275912
1,-4691.92,0.2022622002105607,52.74993040918485,0.015594618366272791,-4.780247196996704e-4
1,-4678.87,0.11557581677432237,52.86550622595917,0.00885638442715117,-5.163397654499254e-4
1,-4665.72,0.0829081211701236,52.948414347129294,0.006304800088982745,-1.9403683179988564e-4
1,-4652.49,0.1107663332868951,53.05918068041619,0.008372360792660068,1.5627820889472786e-4
1,-4639.16,0.08326807536279429,53.142448755778986,0.006246667319039453,-1.5946687724085725e-4
1,-4625.75,0.05645550043480444,53.19890425621379,0.004209955289694367,-1.51880091673759e-4
1,-4612.25,0.1567099061809777,53.355614162394765,0.011608141198590997,5.4801377102938e-4
1,-4598.65,0.10655601397611952,53.46217017637089,0.007835001027656009,-2.7743677727462405e-4
1,-4584.96,0.11495790651325787,53.577128082884144,0.008397217422443943,4.106766945127469e-5
1,-4571.18,0.07079326079333756,53.64792134367748,0.005137391929850404,-2.365620821911175e-4
1,-4557.3,0.17409834608103142,53.82201968975851,0.01254310850727881,5.335530675380654e-4
1,-4543.33,0.07663822605452662,53.89865791581304,0.005485914535041209,-5.051677861300982e-4
1,-4529.26,0.19854788087555755,54.0972057966886,0.014111434319514062,6.130433393371024e-4
1,-4522.19,0.15401052272691512,54.25121631941551,0.021783666580891127,0.0010851813665313146
1,-4515.09,0.12482698690931124,54.376043306324824,0.017581265761876304,-5.918874392979079e-4
1,-4500.83,0.103301174152558,54.47934448047738,0.0072441216095760165,-7.24904919516138e-4
1,-4486.47,0.11879214643236352,54.59813662690975,0.008272433595569085,7.160946977667768e-5
1,-4472.01,0.1545695069257991,54.752706133835545,0.01068945414424589,1.6715218178954357e-4
1,-4457.45,0.17510339780212278,54.92780953163767,0.012026332266629166,9.181855236148615e-5
1,-4442.79,0.1968227620252977,55.12463229366296,0.013425836427373381,9.546413101938812e-5
1,-4428.03,0.2557734062020459,55.38040569986501,0.017328821558403932,2.6442988692618516e-4
1,-4413.16,0.18640630243559847,55.56681200230061,0.012535729820820534,-3.2233300185497196e-4
1,-4398.19,0.11586920474437695,55.682681207044986,0.007740093837299661,-3.2034976509824923e-4
1,-4383.12,0.1682152760811698,55.85089648312616,0.01116226118654105,2.2708476106446282e-4
1,-4367.94,0.13061311565940478,55.981509598785564,0.008604289569130777,-1.6850932921015968e-4
1,-4352.66,0.34854702773886126,56.330056626524424,0.022810669354637818,9.297368969572826e-4
1,-4337.27,0.22323041684456746,56.55328704336899,0.014504900379764365,-5.396860932341628e-4
1,-4321.77,0.12928330267588983,56.682570346044876,0.008340858237154004,-3.976801382329265e-4
1,-4306.16,0.09726780357700102,56.77983814962188,0.006231121305381221,-1.3515291042746346e-4
1,-4290.45,0.08916385864334149,56.86900200826522,0.005675611625928616,-3.536025967234908e-5
1,-4274.62,0.2471838841330835,57.116185892398306,0.0156149010823176,6.278767818312716e-4
1,-4258.68,0.11139358419669947,57.227579476595004,0.006988305156631152,-5.411917142839815e-4
1,-4242.63,0.1327126316764243,57.36029210827143,0.008268699792923672,7.977536674719662e-5
1,-4226.47,0.2720915588081632,57.632383667079594,0.016837348936148903,5.302381895560215e-4
1,-4210.2,0.21269265076637686,57.84507631784597,0.013072689045259527,-2.3138659440007838e-4
1,-4193.81,0.23951139561371967,58.08458771345969,0.01461326391786007,9.399480613792545e-5
1,-4177.3,0.10502726222339033,58.18961497568308,0.006361433205535207,-4.998080382995006e-4
1,-4160.68,0.20171468621987548,58.39132966190296,0.012136864393494663,3.4749886810827283e-4
1,-4143.94,0.24499253121223852,58.63632219311519,0.014635157181136385,1.4924090726652441e-4
1,-4127.08,0.18747360425079407,58.82379579736599,0.01111943085710565,-2.0852469300301324e-4
1,-4110.1,0.2360072729141779,59.05980307028017,0.013899132680458491,1.6370446545070158e-4
1,-4093,0.1962720574144857,59.25607512769465,0.011477898094413937,-1.4159266585055572e-4
1,-4075.78,0.08630267684021257,59.34237780453486,0.005011769851348037,-3.755010594114968e-4
1,-4058.44,0.25994296396224026,59.6023207684971,0.014990943711778339,5.755002226315004e-4
1,-4040.98,0.3513123997420932,59.9536331682392,0.02012098509404916,2.9381680310829376e-4
1,-4023.39,0.12337757522444187,60.07701074346364,0.0070140747711448185,-7.451341854976823e-4
1,-4005.68,0.18632885825263099,60.26333960171627,0.010521110008618243,1.980257051086063e-4
1,-3987.84,0.22563879841166928,60.48897840012794,0.012647914709174703,1.1921551012087984e-4
1,-3969.88,0.22220896098896087,60.7111873611169,0.01237243658067692,-1.5338425862905468e-5
1,-3951.78,0.27051518634265287,60.981702547459555,0.014945590405671704,1.4216319475109375e-4
1,-3933.56,0.13557493711070892,61.11727748457026,0.007440995450642255,-4.118877582343219e-4
1,-3924.4,0.09828575159795996,61.21556323616822,0.010729885545629337,3.5904913700732905e-4
1,-3915.21,0.20037568504948294,61.4159389212177,0.021803665402554774,0.0012049814860636966
1,-3905.99,0.14468481818417148,61.560623739401876,0.015692496549259267,-6.628165784485182e-4
1,-3896.73,0.07307517467222392,61.6336989140741,0.007891487545596987,-8.424415770693822e-4
1,-3878.12,0.09121922021907868,61.724918134293176,0.004901623869912584,-1.6065898311039132e-4
1,-3859.37,0.12961213523386916,61.85453026952705,0.006912647212473076,1.0725457826989291e-4
1,-3840.5,0.11103951784165825,61.96556978736871,0.005884447156420861,-5.4488609223753094e-5
1,-3821.48,0.22773441170814523,62.19330419907685,0.011973418070880202,3.201351690041718e-4
1,-3802.33,0.29801120417874993,62.491315403255605,0.015561942776958484,1.87390324077194e-4
1,-3783.05,0.08778106548088438,62.57909646873649,0.0045529598278466685,-5.710053396842304e-4
1,-3763.63,0.10909484403823257,62.68819131277472,0.005617654172926446,5.482463156950432e-5
1,-3744.07,0.09813590672221698,62.78632721949693,0.005017173145307425,-3.069943903982737e-5
1,-3724.37,0.08171713063978968,62.86804435013673,0.004148077697451478,-4.4116520195732744e-5
1,-3704.53,0.11942991945698483,62.98747426959371,0.00601965319843677,9.433344258998597e-5
1,-3684.54,0.4706033157518093,63.45807758534552,0.02354193675596817,8.765524541036114e-4
1,-3664.42,0.22658655755214538,63.68466414289767,0.011261757333605725,-6.103468897794488e-4
1,-3644.15,0.20637197155125678,63.89103611444892,0.01018115301190214,-5.3310524011030364e-5
1,-3623.74,0.16283761273076913,64.05387372717969,0.007978324974559844,-1.0792886023234998e-4
1,-3603.18,0.22148109692090392,64.27535482410059,0.010772426893039762,1.3589989875875121e-4
1,-3582.48,0.11617299383468842,64.39152781793528,0.005612221924381457,-2.492852641863937e-4
1,-3551.14,0.13552280143063317,64.52705061936592,0.004324275731673212,-4.1095921911558364e-5
1,-3519.47,0.15736892814609613,64.68441954751201,0.00496902204439798,2.0358266900055775e-5
1,-3498.17,0.09801921037629893,64.78243875788831,0.004601840862737493,-1.7238553129600563e-5
1,-3476.72,0.12405426801396852,64.90649302590228,0.005783415758226687,5.508507671278226e-5
1,-3455.11,0.06860615134253356,64.97509917724481,0.0031747409228383536,-1.2071609603833286e-4
1,-3433.35,0.09550533467856354,65.07060451192338,0.004389031924566282,5.58038144176432e-5
1,-3411.44,0.10108025028646542,65.17168476220984,0.004613429953740689,1.0241808725440847e-5
1,-3389.37,0.3363750006155402,65.50805976282538,0.015241277780495902,4.8155178191006495e-4
1,-3367.14,0.26724407702219033,65.77530383984757,0.012021775844452711,-1.4482689770774573e-4
1,-3344.75,0.06851481398076044,65.84381865382834,0.0030600631523345157,-4.0025514480206554e-4
1,-3322.21,0.24393434545953332,66.08775299928787,0.010822286843812616,3.4437549651633153e-4
1,-3299.5,0.09184399653069224,66.17959699581856,0.004044209446529476,-2.984622367804108e-4
1,-3288.09,0.08786597489631001,66.26746297071487,0.007700786581623,3.2047126512651803e-4
1,-3276.63,0.37220085100582234,66.63966382172069,0.03247825925007097,0.0021620831298820153
1,-3253.6,0.15907765753435676,66.79874147925504,0.006907410227284091,-0.001110327790828774
1,-3230.41,0.11617713197063761,66.91491861122569,0.005009794392869527,-8.182905711145145e-5
1,-3207.05,0.05761354168355899,66.97253215290924,0.0024663331200150715,-1.0888104763931899e-4
1,-3183.52,0.16287709048314122,67.13540924339239,0.006922103292951484,1.8936549821234065e-4
1,-3159.83,0.374283101748383,67.50969234514076,0.015799202268821203,3.7471924760952715e-4
1,-3135.97,0.3671807021946306,67.8768730473354,0.015388964886614785,-1.7193519790713167e-5
1,-3123.97,0.13710272224574377,68.01397576958114,0.011425226853811902,-3.303115027335736e-4
1,-3111.94,0.1361986871321843,68.15017445671333,0.011321586627780222,-8.615147633556277e-6
1,-3087.74,0.08833509187667941,68.23850954859,0.0036502104081269143,-3.1699901734104217e-4
1,-3063.37,0.2025334717024374,68.44104302029244,0.008310770279131668,1.9124168531000306e-4
1,-3038.82,0.22293574669870941,68.66397876699115,0.00908088581257483,3.13692681646913e-5
1,-3014.1,0.17106465059793394,68.83504341758909,0.006920091043605963,-8.741079162495328e-5
1,-2989.21,0.1611969296134721,68.99624034720256,0.006476373226736371,-1.7827152144218353e-5
1,-2964.14,0.1065594855994937,69.10279983280205,0.004250478085340628,-8.87872014916525e-5
1,-2938.89,0.09840531554476273,69.20120514834682,0.0038972402195947262,-1.398961844538225e-5
1,-2913.46,0.06845502002406689,69.26966016837088,0.0026919001189170755,-4.7398352366404185e-5
1,-2887.86,0.0940523278313324,69.36371249620221,0.003673919055911536,3.8360114726346253e-5
1,-2862.07,0.10632384846727949,69.4700363446695,0.004122677334908254,1.740047611464592e-5
1,-2836.1,0.11662994284826053,69.58666628751776,0.00449094889673708,1.4180653131645082e-5
1,-2809.95,0.10129796626534082,69.6879642537831,0.003873727199439185,-2.3603124179651734e-5
1,-2783.61,0.29944039604033884,69.98740464982343,0.011368276235396447,2.8453109475920084e-4
1,-2757.09,0.12722182639824012,70.11462647622167,0.004797203107022665,-2.4777802143189243e-4
1,-2730.38,0.1636175959221887,70.27824407214386,0.0061257055755219,4.9738018289001604e-5
1,-2703.48,0.13763023190201104,70.41587430404587,0.005116365498215908,-3.7521935959330414e-5
1,-2676.39,0.10943650265853085,70.52531080670441,0.004039738008805417,-3.97426168110183e-5
1,-2649.12,0.30727354961121034,70.83258435631562,0.01126782360143786,2.6505631069425917e-4
1,-2635.4,0.32125885138910554,71.15384320770472,0.0234153681770487,8.853895463273337e-4
1,-2621.65,0.15656244018409093,71.31040564788881,0.011386359286115583,-8.748370102496813e-4
1,-2593.98,0.12227910615842308,71.43268475404723,0.004419194295569778,-2.517949038867288e-4
1,-2566.13,0.0743276542995297,71.50701240834677,0.002668856527811049,-6.284875288182172e-5
1,-2538.07,0.1473495073888476,71.6543619157356,0.005251229771519564,9.203040782995439e-5
1,-2509.83,0.5932507537324275,72.24761266946804,0.021007462950865054,5.579402683904164e-4
1,-2481.38,0.47470666353170404,72.72231933299975,0.01668564722431313,-1.5190916437792456e-4
1,-2452.73,0.13924463367491666,72.86156396667467,0.004860196637868056,-4.1275569237155446e-4
1,-2423.89,0.18188817750209,73.04345214417675,0.00630680227122356,5.015969602480919e-5
1,-2394.84,0.26886377266388783,73.31231591684065,0.009255207320615978,1.0149414972091034e-4
1,-2365.59,0.22789611567438817,73.54021203251503,0.007791320193996009,-5.0047423132306615e-5
1,-2336.13,0.23236104550589384,73.77257307802093,0.00788734030909357,3.259338598016304e-6
1,-2306.47,0.25027488440368834,74.0228479624246,0.00843812826715029,1.857005927365859e-5
1,-2291.56,0.1510435270654159,74.17389148949003,0.010130350574475321,1.1349579525989594e-4
1,-2276.6,0.14258903478106555,74.31648052427109,0.009531352592316399,-4.0039972069446584e-5
1,-2246.53,0.23579771097075508,74.55227823524184,0.007841626570361155,-5.6193083536922526e-5
1,-2173,0.7127548186939897,75.26503305393584,0.009693387987134405,2.5183753798085745e-5
1,-2165,0.5026608982030183,75.76769395213886,0.06283261227537729,0.00664240303603036
1,-2160,1.0685228457849114,76.83621679792377,0.2137045691569824,0.030174391376321025
1,-2155,0.7107053122261932,77.54692211014996,0.1421410624452392,-0.014312701342348643
1,-2150,0.24014644974720833,77.78706855989716,0.04802928994944011,-0.018822354499159817
1,-2144,0.39165730362131845,78.17872586351848,0.06527621727021919,0.002874487886796513
1,-2136,0.3369266586068751,78.51565252212536,0.04211583232586058,-0.0028950481180448264
1,-2129,0.47113615300981254,78.98678867513517,0.06730516471568697,0.003598476055689484
1,-2124,0.27057040445072605,79.2573590795859,0.05411408089014458,-0.002638216765108478
1,-2119,0.27395849897046975,79.53131757855637,0.054791699794094484,1.3552378078998117e-4
1,-2114,0.2949688849525756,79.82628646350895,0.058993776990516264,8.40415439284356e-4
1,-2109,0.5291931134619959,80.35547957697094,0.10583862269239716,0.009368969140376179
1,-2104,0.5552403773615443,80.91071995433248,0.11104807547230848,0.0010418905559822639
1,-2098,0.4944941992597101,81.4052141535922,0.0824156998766199,-0.0047720625992814306
1,-2089,0.5765754873066851,81.98178964089888,0.06406394303407599,-0.0020390840936159896
1,-2081,0.621705723054475,82.60349536395336,0.07771321538180942,0.0017061590434666787
1,-2072,0.5192587308561796,83.12275409480954,0.05769541453957553,-0.002224200093581543
1,-2062,0.3325290384327133,83.45528313324225,0.033252903843271044,-0.0024442510696304487
1,-2055,0.643159278091063,84.09844241133331,0.09187989687015172,0.00837528471812581
1,-2047,0.7325481286574295,84.83099053999074,0.09156851608217842,-3.8922598496662214e-5
1,-2041,0.15691904580006066,84.9879095857908,0.026153174300011035,-0.010902556963694564
1,-2037,0.20609580421818904,85.194005390009,0.051523951054548434,0.00634269418863435
1,-2031,0.44812072157435545,85.64212611158335,0.07468678692905921,0.003860472645751796
1,-2023,0.2843335390092433,85.92645965059259,0.0355416923761549,-0.004893136819113039
1,-2015,0.38411582697136804,86.31057547756396,0.04801447837142092,0.0015590982494082528
1,-2004,0.2443229423375011,86.55489841990146,0.022211176576136762,-0.0023457547086621964
1,-1993,0.35674618029033384,86.91164460019179,0.032431470935484506,9.291176690316131e-4
1,-1985,0.22377622459375002,87.13542082478554,0.027972028074218613,-5.574303576582366e-4
1,-1977,0.3608012126549112,87.49622203744045,0.0451001515818632,0.0021410154384555735
1,-1970,0.8631338250816035,88.35935586252205,0.1233048321545149,0.011172097224664529
1,-1965,0.30692149397286955,88.66627735649493,0.061384298794575895,-0.012384106671987801
1,-1960,0.5305303810174665,89.19680773751239,0.10610607620349129,0.008944355481783078
1,-1955,0.5401058101864327,89.73691354769882,0.10802116203728644,3.83017166759031e-4
1,-1950,0.4960688019778166,90.23298234967665,0.09921376039556548,-0.001761480328344192
1,-1944,0.6403282784757338,90.87331062815238,0.10672137974595586,0.0012512698917317294
1,-1937,0.923852178306643,91.79716280645901,0.1319788826152331,0.0036082146956110356
1,-1931,0.28174321740029745,92.07890602385932,0.04695720290005075,-0.01417027995253039
1,-1925,0.6362787201717555,92.71518474403108,0.1060464533619599,0.009848208410318192
1,-1919,0.15479290783796687,92.86997765186904,0.02579881797299303,-0.013374605898161146
1,-1915,0.15725364466130284,93.02723129653035,0.039313411165327494,0.0033786482980836157
1,-1910,0.7049525227125214,93.73218381924286,0.14099050454250345,0.02033541867543519
1,-1903,0.6737499852142741,94.40593380445713,0.09624999788775312,-0.006391500950678618
1,-1897,0.4050462936504913,94.81098009810763,0.06750771560841666,-0.004790380379889411
1,-1892,0.282842712474619,95.09382281058225,0.05656854249492369,-0.0021878346226985937
1,-1886,0.28284271279603124,95.37666552337828,0.047140452132670894,-0.0015713483937087995
1,-1880,0.22009749364549339,95.59676301702378,0.03668291560758282,-0.0017429227541813457
1,-1874,0.24134379699336414,95.83810681401714,0.04022396616556042,5.901750929962665e-4
1,-1866,0.5000000001666667,96.3381068141838,0.06250000002083311,0.0027845042319090867
1,-1860,0.14767870205106004,96.48578551623486,0.024613117008508805,-0.006314480502054051
1,-1853,0.2123615763970349,96.6981470926319,0.030337368056720493,8.177501497445268e-4
1,-1846,0.6526300068582902,97.35077709949019,0.09323285812261263,0.008985070009413162
1,-1839,0.4948415324555618,97.84561863194575,0.07069164749365241,-0.0032201729469943175
1,-1831,0.24486214577176416,98.09048077771752,0.030607768221470266,-0.005010484909022768
1,-1824,0.6911291041628318,98.78160988188034,0.098732729166118,0.00973213727780682
1,-1817,0.22432525988007038,99.00593514176042,0.03204646569715359,-0.009526609066994917
1,-1811,0.4192408354689464,99.42517597722936,0.06987347257815675,0.006304501146833861
1,-1806,0.5928682541499782,100.01804423137933,0.11857365082999535,0.00974003565036772
1,-1800,0.39319224467429303,100.41123647605363,0.06553204077904932,-0.008840268341824338
1,-1793,0.39635271986646886,100.8075891959201,0.056621817123781525,-0.0012728890936096857
1,-1790,0.26340599140143495,101.07099518732154,0.08780199713381383,0.010393393336677435
1,-1783,0.33222036426087675,101.40321555158242,0.04746005203726814,-0.005763135013792241
1,-1775,0.31877728844031794,101.72199284002274,0.03984716105503949,-9.516113727785812e-4
1,-1767,0.44908511313621424,102.17107795315894,0.056135639142025795,0.0020360597608732878
1,-1759,0.2669320010404145,102.43800995419936,0.033366500130052046,-0.0028461423764967186
1,-1750,0.5200204322820724,102.95803038648144,0.057780048031342325,0.002712616433476698
1,-1743,0.3778244605185556,103.335854847,0.05397492293122192,-5.435893000172007e-4
1,-1734,0.2067056834957285,103.54256053049572,0.022967298166191894,-0.003445291640558892
1,-1725,0.5217329577822233,104.06429348827794,0.05797032864246887,0.00388922560847522
1,-1720,0.35250200706926865,104.41679549534722,0.07050040141385523,0.002506014554277272
1,-1715,0.263578009839369,104.68037350518658,0.05271560196787277,-0.0035569598891964926
1,-1709,0.37430486655383727,105.05467837174042,0.06238414442564041,0.001611423742961273
1,-1703,0.5828420476814232,105.63752041942183,0.09714034128023503,0.0057926994757657715
1,-1694,0.8257228241200114,106.46324324354185,0.09174698045778011,-5.992623136061026e-4
1,-1689,0.8775437894796441,107.3407870330215,0.17550875789592907,0.01675235548762979
1,-1682,0.5703913222115968,107.91117835523309,0.08148447460165593,-0.013432040470610447
1,-1676,0.4403152861557829,108.35149364138887,0.07338588102596333,-0.0013497655959487677
1,-1671,0.49030022018679326,108.84179386157567,0.09806004403735927,0.004934832602279188
1,-1664,0.4592575804654221,109.30105144204109,0.06560822578077412,-0.004635974036655021
1,-1657,0.22767151660533377,109.52872295864643,0.032524502372191524,-0.004726246201226085
1,-1650,0.3755502063556819,109.90427316500211,0.05365002947938332,0.003017932443884542
1,-1644,0.29138094048550556,110.1956541054876,0.04856349008091598,-8.477565664112228e-4
1,-1636,0.6997883383385047,110.89544244382611,0.08747354229231341,0.0048637565264246785
1,-1632,0.5813800822282377,111.47682252605435,0.145345020557059,0.014467869566186398
1,-1626,0.28287526206658326,111.75969778812093,0.04714587701109707,-0.016366523924326987
1,-1618,0.7157102925255137,112.47540808064645,0.08946378656568932,0.005289738694324031
1,-1610,0.17756967038180108,112.65297775102825,0.022196208797724992,-0.00840844722099554
1,-1602,0.39585114733118143,113.04882889835943,0.049481393416398234,0.003410648077334155
1,-1595,0.5256014014054944,113.57443029976493,0.07508591448649936,0.0036577887243001606
1,-1590,0.2226816812682813,113.79711198103321,0.04453633625365683,-0.006109915646568506
1,-1583,0.3106707952559417,114.10778277628916,0.04438154217942066,-2.2113439176595084e-5
1,-1575,0.4063640076762707,114.51414678396542,0.05079550095953245,8.017448475139731e-4
1,-1566,0.5437421880893744,115.0578889720548,0.06041579867659803,0.0010689219685628424
1,-1554,0.6123724356957945,115.67026140775059,0.05103103630798245,-7.820635307179651e-4
1,-1543,0.6123724356957945,116.28263384344639,0.05567022142689124,4.217441017189809e-4
1,-1526,1.2747548783981961,117.55738872184457,0.07498558108224612,0.0011361976267855816
1,-1513,1.213530489934225,118.7709192117788,0.0933484992257099,0.0014125321648818289
1,-1505,0.2625,119.0334192117788,0.032812500000000355,-0.007566999903213693
1,-1499,0.223606798122657,119.25702600990147,0.03726779968710995,7.425499478515991e-4
1,-1494,0.12458263679849879,119.38160864669996,0.024916527359698647,-0.0024702544654822607
1,-1489,0.257229647887935,119.6388382945879,0.05144592957758789,0.005305880443577849
1,-1484,0.3312006602915384,119.97003895487943,0.06624013205830578,0.0029588404961435793
1,-1458,0.25492407238310016,120.22496302726253,0.009804772014734798,-0.0021705907709065764
1,-1454,0.2927481317399923,120.51771115900253,0.07318703293499951,0.015845565230066177
1,-1448,0.987636233933552,121.50534739293607,0.16460603898892381,0.015236501008987385
1,-1440,1.2422771808813073,122.74762457381739,0.15528464761016458,-0.0011651739223449038
1,-1432,0.21324825330988173,122.96087282712726,0.02665603166373387,-0.01607857699330384
1,-1421,1.3299958230677935,124.29086865019507,0.12090871118798222,0.008568425411295304
1,-1406,1.1547005380905764,125.44556918828563,0.0769800358727044,-0.0029285783543518545
1,-1399,0.6174419550306723,126.06301114331632,0.08820599357581216,0.0016037082433011088
1,-1393,0.17213259273444256,126.23514373605076,0.028688765455740395,-0.009919538020011961
1,-1388,0.20371665278876144,126.43886038883952,0.04074333055775128,0.0024109130204021762
1,-1383,0.9981460906058738,127.43700647944539,0.1996292181211743,0.0317771775126846
1,-1374,0.3366801343479496,127.77368661379333,0.037408903816438195,-0.0180244793671929
1,-1365,0.35485361690185374,128.1285402306952,0.039428179655762584,2.243639821471543e-4
1,-1356,0.4082781110307317,128.53681834172593,0.045364234558971046,6.595616559120514e-4
1,-1347,0.1896569578918952,128.72647529961782,0.021072995321320478,-0.0026990265819611743
1,-1338,0.45524050096875446,129.18171580058657,0.050582277885417345,0.003278809173788541
1,-1331,0.5350259212109535,129.71674172179752,0.07643227445870641,0.0036928566533270097
1,-1314,0.8972525552121192,130.61399427700965,0.052779562071302,-0.001391336022788495
1,-1308,0.9652758007752427,131.57927007778488,0.16087930012920518,0.01801662300965053
1,-1302,0.03154439575982068,131.6108144735447,0.005257399293303895,-0.02593698347265021
1,-1295,0.09971838603395364,131.71053285957865,0.014245483719134557,0.001284012060832952
1,-1289,0.09452548003216175,131.8050583396108,0.015754246672026778,2.5146049214870336e-4
1,-1284,0.07048842660168687,131.87554676621252,0.014097685320342635,-3.3131227033682855e-4
1,-1279,0.004305088930945794,131.87985185514344,8.61017786183993e-4,-0.0026473335068317285
1,-1274,0.003934808443340162,131.8837866635868,7.869616886694075e-4,-1.4811219502917091e-5
1,-1269,0.022448702740715414,131.9062353663275,0.004489740548143573,7.40555771894833e-4
1,-1265,0.021401598243518116,131.92763696457104,0.005350399560882124,2.1516475318463782e-4
1,-1261,0.1922095676720928,132.11984653224312,0.04805239191802002,0.010675498089284474
1,-1256,0.1619841450809467,132.28183067732408,0.032396829016192896,-0.003131112580365425
1,-1251,0.018735572760383064,132.30056625008444,0.003747114552072617,-0.005729942892824056
1,-1246,0.018988572802253308,132.31955482288672,0.003797714560454324,1.0120001676341366e-5
1,-1240,0.048709435402298065,132.368264258289,0.008118239233714538,7.20087445543369e-4
1,-1233,0.00590545680638121,132.37416971509538,8.436366866249045e-4,-0.001039228935298519
1,-1227,0.015628643063899456,132.38979835815928,0.002604773843984276,2.9352285955989527e-4
1,-1220,0.05349014468197833,132.44328850284126,0.007641449240281872,7.195250566139423e-4
1,-1213,0.03291816391526159,132.47620666675653,0.00470259484503848,-4.1983634217762747e-4
1,-1206,0.011021157430281012,132.48722782418682,0.0015744510614703294,-4.468776833668787e-4
1,-1198,0.03021950793014811,132.51744733211694,0.003777438491265883,2.753734287244442e-4
1,-1189,0.023765167965307803,132.54121250008225,0.0026405742183675963,-1.263182525442541e-4
1,-1182,0.01862441057587347,132.55983691065813,0.002660630082268816,2.865123414459974e-6
1,-1177,0.017130054726287817,132.57696696538443,0.0034260109452588948,1.5307617259801572e-4
1,-1173,0.00454438313931473,132.58151134852375,0.0011360957848296493,-5.724787901073114e-4
1,-1168,0.004398824715074471,132.5859101732388,8.797649430107412e-4,-5.126616836378162e-5
1,-1163,0.026187699758043685,132.61209787299686,0.00523753995161087,8.715550017200258e-4
1,-1155,0.014629556351523961,132.6267274293484,0.0018286945439420776,-4.2610567595859907e-4
1,-1148,0.014882705078396435,132.64161013442677,0.0021261007254825665,4.248659736292698e-5
1,-1142,0.014944492119349421,132.65655462654613,0.0024907486865591486,6.077466017943035e-5
1,-1135,0.016119193690306146,132.67267382023644,0.002302741955759302,-2.6858104399978076e-5
1,-1127,0.0080311142587795,132.68070493449522,0.0010038892823480694,-1.6235658417640408e-4
1,-1121,0,132.68070493449522,0,-1.673148803913449e-4
1,-1115,0.009065470973483508,132.6897704054687,0.0015109118289113137,2.518186381518856e-4
1,-1109,0.014959161298636574,132.70472956676733,0.002493193549772362,1.6371362014350806e-4
1,-1103,0.011303847725908433,132.71603341449324,0.0018839746209854031,-1.0153648813115983e-4
1,-1097,0.011076105497746456,132.727109519991,0.001846017582958363,-6.326173004506701e-6
1,-1091,0.012087009788518703,132.7391965297795,0.0020145016314169575,2.8080674743099093e-5
1,-1085,0.028749339457569967,132.76794586923708,0.004791556576265066,4.6284249080801807e-4
1,-1078,0.0402513774689278,132.80819724670602,0.0057501967812762745,1.3694860071588696e-4
1,-1073,0.06768430728042077,132.87588155398643,0.013536861456083215,0.001557332934961388
1,-1070,0.067512803268251,132.94339435725468,0.022504267756081237,0.002989135433332674
1,-1065,0.0709630428875884,133.01435740014227,0.014192608577519649,-0.0016623318357123177
1,-1059,0.006296809306749163,133.02065420944902,0.0010494682177911348,-0.0021905233932880855
1,-1052,0.018253308214258034,133.03890751766326,0.002607615459177331,2.2259246305517087e-4
1,-1046,0.02390962643664555,133.0628171440999,0.003984937739441345,2.2955371337733568e-4
1,-1041,0.03134270630471478,133.09415985040462,0.006268541260942584,4.567207043002479e-4
1,-1036,0.0068503976269013965,133.10101024803154,0.0013700795253839715,-9.796923471117225e-4
1,-1029,0.030569467024967746,133.1315797150565,0.004367066717849509,4.2814102749507685e-4
1,-1022,0.02047963246317165,133.15205934751967,0.0029256617804540902,-2.0591499105648842e-4
1,-1017,0.009507838618424592,133.1615671861381,0.0019015677236836836,-2.0481881135408134e-4
1,-1013,0.06878515572362721,133.23035234186173,0.017196288930911408,0.003823680301806931
1,-1008,0.01680828284369757,133.24716062470543,0.0033616565687395903,-0.002766926472434363
1,-1005,0.02261024305977053,133.2697708677652,0.007536747686591146,0.001391697039283852
1,-1001,0.020905036483406983,133.2906759042486,0.005226259120846066,-5.776221414362699e-4
1,-995,0.06835431068011938,133.3590302149287,0.011392385113353498,0.0010276876654179052
1,-988,0.10867959408300878,133.46770980901172,0.015525656297573473,5.90467312031425e-4
1,-981,0.0148438273960544,133.48255363640777,0.002120546770864199,-0.0019150156466727537
1,-976,0.02988343513404749,133.51243707154183,0.005976687026810623,7.712280511892848e-4
1,-970,0.01976460708762256,133.53220167862946,0.003294101181272898,-4.470976409229541e-4
1,-964,0.036093538461900186,133.56829521709136,0.0060155897436497225,4.535814270628041e-4
1,-956,0.010854458949267157,133.57914967604063,0.001356807368658508,-5.823477968739018e-4
1,-947,0.03557673622412958,133.61472641226476,0.003952970691569944,2.8846259143460395e-4
1,-940,0.013569861204839806,133.6282962734696,0.0019385516006918482,-2.87774155839728e-4
1,-933,0.02543313290328637,133.65372940637286,0.00363330470046565,2.4210758568197168e-4
1,-927,0.006844906690602364,133.66057431306348,0.0011408177817694802,-4.1541448644936166e-4
1,-921,0.012065595331846271,133.67263990839533,0.0020109325553079316,1.4501912892307523e-4
1,-913,0.00740027103742987,133.68004017943275,9.250338796782387e-4,-1.357373344537116e-4
1,-907,0.01437985800232808,133.6944200374351,0.0023966430003904784,2.452681867853733e-4
1,-901,0.007876557547618847,133.7022965949827,0.0013127595912673466,-1.8064723485385528e-4
1,-893,0.007910488721270963,133.71020708370398,9.888110901599134e-4,-4.0493562638429153e-005
1,-885,0.0065576669978313845,133.7167647507018,8.197083747276679e-4,-2.113783942903069e-5
1,-877,0.006371603592504937,133.7231363542943,7.964504490622915e-4,-2.907240708172054e-6
1,-869,0.00914631655264937,133.73228267084696,0.001143289569082384,4.335489000251158e-5
1,-863,0.0083501465791301,133.74063281742608,0.0013916910965197833,4.1400254572899866e-5
1,-857,0.012295837025091403,133.75292865445118,0.002049306170851158,1.0960251238856249e-4
1,-852,0.010959720060908496,133.76388837451208,0.002191944012179192,2.852756826560677e-5
1,-847,0.017820748724348415,133.78170912323642,0.0035641497448693827,2.7444114653803816e-4
1,-841,0.011925703356451682,133.7936348265929,0.0019876172260779867,-2.62755419798566e-4
1,-833,0.015847946601053334,133.80948277319393,0.0019809933251302425,-8.27987618468029e-7
1,-825,0.04578813338798482,133.85527090658192,0.005723516673498352,4.678154185460137e-4
1,-817,0.03432191597349724,133.88959282255541,0.00429023949668661,-1.791596471014678e-4
1,-810,0.030054111112817212,133.91964693366825,0.00429344444469036,4.578497148214087e-7
1,-803,0.007572401827983338,133.92721933549623,0.001081771689712241,-4.5881039356830266e-4
1,-796,0.03569084054201818,133.96291017603824,0.005098691506000412,5.738456880411674e-4
1,-789,0.02510167780313628,133.98801185384139,0.0035859539718785527,-2.1610536201740853e-4
1,-783,0.02827836073572329,134.0162902145771,0.004713060122620997,1.878510251237408e-4
1,-778,0.033422540845381515,134.0497127554225,0.006684508169075798,3.9428960929096017e-4
1,-773,0.04017785282423013,134.08989060824672,0.008035570564845784,2.702124791539971e-4
1,-769,0.10555372332032946,134.19544433156705,0.02638843083008169,0.004588215066308976
1,-762,0.0641959562418301,134.25964028780888,0.00917085089169031,-0.002459654276913054
1,-754,0.053109808795924605,134.3127500966048,0.006638726099488679,-3.1651559902520386e-4
1,-748,0.0233844673627022,134.3361345639675,0.0038974112271195813,-4.5688581206151626e-4
1,-742,0.02192533811147431,134.35805990207896,0.0036542230185763933,-4.053136809053134e-5
1,-736,0.05608604282997512,134.41414594490894,0.009347673804995793,9.489084644032333e-4
1,-731,0.029797343813803504,134.44394328872275,0.0059594687627622985,-6.77641008446699e-4
1,-726,0.07500868072514356,134.5189519694479,0.015001736145029554,0.0018084534764534511
1,-720,0.1574395699566894,134.6763915394046,0.026239928326115585,0.0018730320301810052
1,-713,0.012683123488140572,134.68907466289272,0.0018118747840186902,-0.0034897219345852706
1,-706,0.014662259221589148,134.7037369221143,0.0020946084602257997,4.039052517244421e-5
1,-698,0.042274542140198865,134.7460114642545,0.0052843177675256925,3.987136634124866e-4
1,-689,0.044427360064728055,134.79043882431924,0.004936373340525633,-3.866049188889551e-5
1,-680,0.030595158954233356,134.82103398327348,0.003399462106026855,-1.7076791494430863e-4
1,-671,0.053359853363510665,134.87439383663698,0.0059288725959447675,2.8104560999087915e-4
1,-663,0.077220776173268807,134.95161461281026,0.009652597021659659,4.6546555321436145e-4
1,-656,0.04252069204165656,134.9941353048519,0.006074384577378363,-5.111732063258994e-4
1,-648,0.07958240353117813,135.0737177083831,0.009947800441398869,0.00048417698300256315
1,-638,0.17735269952934107,135.25107040791244,0.017735269952933664,7.787469511534795e-4
1,-629,0.1780664706622654,135.4291368785747,0.019785163406917643,2.2776593933155327e-4
1,-620,0.0609566405299241,135.49009351910462,0.006772960058880371,-0.0014458003720041414
1,-613,0.038263724111429365,135.52835724321605,0.0054662463016329965,-1.8667339389248205e-4
1,-606,0.42779369501215153,135.9561509382282,0.06111338500173653,0.007949591242871933
1,-599,0.733309788861729,136.68946072708994,0.10475854126596167,0.0062350223234607345
1,-591,0.13189220344046554,136.8213529305304,0.01648652543005724,-0.011034001979488053
1,-584,1.091103429921495,137.9124563604519,0.15587191856021473,0.019912199018593927
1,-578,0.06689742828970537,137.9793537887416,0.011149571381617799,-0.024120391196432823
1,-572,0.03120678408220379,138.0105605728238,0.005201130680366835,-9.914067835418274e-4
1,-565,0.04943238837486854,138.05999296119867,0.007061769767838249,2.658055839244877e-4
1,-558,0.1912816553714377,138.2512746165701,0.027325950767346643,0.00289488299992977
1,-552,0.02792987512210344,138.2792044916922,0.004654979187018664,-0.0037784952633879965
1,-547,0.04578887576231079,138.3249933674545,0.009157775152459635,9.005591930881943e-4
1,-541,0.011210684995583082,138.3362040524501,0.0018684474992672524,-0.0012148879421987305
1,-534,0.00790196751287626,138.34410601996296,0.0011288525018358087,-1.0565642820449196e-4
1,-527,0.035972083243558335,138.38007810320653,0.0051388690347948796,5.728595047084387e-4
1,-521,0.036238874897062776,138.4163169781036,0.006039812482844316,1.5015724134157275e-4
1,-513,0.02406685679077126,138.44038383489436,0.0030083570988459485,-3.7893192299979595e-4
1,-505,0.2864272039189723,138.72681103881334,0.03580340048987196,0.004099380423878252
1,-498,0.16630807785029,138.89311911666363,0.02375829683575554,-0.0017207290934452032
1,-492,0.05473308954247964,138.9478522062061,0.009122181590413447,-0.0024393525408903487
1,-486,0.05947071221813796,139.00732291842425,0.009911785369690543,1.3160062987951598e-4
1,-479,0.04270936732267355,139.05003228574694,0.0061013381889551965,-5.443495972479067e-4
1,-473,0.0936975041372072,139.14372978988413,0.015616250689532762,0.001585818750096261
1,-467,0.1346718793347292,139.27840166921885,0.022445313222452985,0.001138177088820037
1,-461,0.03765468296090473,139.31605635217977,0.006275780493486612,-0.0026949221214943955
1,-455,0.052900149586541864,139.36895650176632,0.008816691597758108,4.2348518404524945e-4
1,-449,0.04611445668982305,139.41507095845614,0.00768574278163688,-1.8849146935353807e-4
1,-443,0.04272362481209715,139.45779458326822,0.0071206041353472456,-9.418977438160573e-5
1,-437,0.025252882153024826,139.48304746542127,0.004208813692173408,-4.852984071956397e-4
1,-431,0.07757897510540772,139.56062644052665,0.012929829184230357,0.0014535025820094916
1,-423,0.18889931444611235,139.74952575497278,0.02361241430576655,0.001335323140192024
1,-415,0.2424135253454596,139.99193928031823,0.03030169066818189,8.361595453019177e-4
1,-407,0.06827984574010533,140.06021912605834,0.008534980717513463,-0.0027208387438335535
1,-400,0.06802568738581002,140.12824481344416,0.009717955340830389,1.6899637475956082e-4
1,-394,0.09327861739817939,140.22152343084232,0.01554643623302828,9.714134820329817e-4
1,-388,0.02513371577014088,140.24665714661248,0.004188952628358796,-0.0018929139341115804
1,-383,0.023509305939964257,140.27016645255244,0.004701861187993472,1.0258171192693532e-4
1,-378,0.02359721253250175,140.29376366508492,0.004719442506495852,3.5162637004759746e-6
1,-373,0.021251976868625407,140.31501564195355,0.004250395373725268,-9.380942655411676e-5
1,-368,0.024007130788390837,140.33902277274194,0.004801426157678179,1.102061567905821e-4
1,-362,0.015378355128651017,140.3544011278706,0.002563059188110136,-3.7306116159467384e-4
1,-356,0.02420622291721947,140.37860735078783,0.004034370486204845,2.452185496824516e-4
1,-349,0.02149733752341689,140.40010468831125,0.0030710482176305376,-0.00013761746693918681
1,-344,0.03480181673781171,140.43490650504904,0.006960363347559451,7.778630259857826e-4
1,-339,0.015286390589696452,140.45019289563874,0.0030572781179387222,-7.806170459241457e-4
1,-334,0.013561826563430456,140.46375472220217,0.0027123653126864154,-6.898256105046136e-5
1,-328,0.01625289460515973,140.48000761680734,0.0027088157675289417,-5.915908595789462e-7
1,-320,0.06005091449106795,140.5400585312984,0.007506364311382185,5.996935679816555e-4
1,-313,0.024406389226880335,140.5644649205253,0.0034866270324138376,-5.74248182709764e-4
1,-308,0.021293039628900966,140.58575796015418,0.004258607925777369,1.5439617867270627e-4
1,-302,0.04642758366238587,140.63218554381658,0.007737930610398773,5.798871141035673e-4
1,-296,0.8030676068484079,141.43525315066498,0.1338446011414002,0.021017778421833572
1,-290,0.17978588324343125,141.6150390339084,0.029964313873904302,-0.017313381211249316
1,-285,0.5765950276324944,142.1916340615409,0.11531900552649858,0.017070938330518856
1,-281,0.3741064956247407,142.56574055716564,0.09352662390618605,-0.005448095405078134
1,-278,0.04802383594266748,142.6137643931083,0.016007945314224042,-0.025839559530654
1,-277,0.06174718233416519,142.67551157544247,0.06174718233415888,0.045739237019934834
1,-273,0.09726256902111403,142.7727741444636,0.02431564225528149,-0.009357885019719347
1,-268,0.018521854122452424,142.79129599858604,0.0037043708244880237,-0.004122254286158693
1,-263,0.01756773722316164,142.8088637358092,0.0035135474446349236,-3.816467597062001e-5
1,-258,0.027460948990705714,142.8363246847999,0.005492189798138725,3.957284707007603e-4
1,-253,0.038646919016084885,142.874971603816,0.007729383803217615,4.47438801015778e-4
1,-248,0.026563488149684438,142.90153509196568,0.005312697629938157,-4.833372346558916e-4
1,-242,0.02280950406674833,142.92434459603243,0.0038015840111237744,-2.518522698023971e-4
1,-236,0.023419142986310086,142.94776373901874,0.0039031904977188483,1.6934414432512312e-5
1,-231,0.009329802999265039,142.95709354201801,0.0018659605998550433,-4.0744597957276095e-4
1,-226,0.011588780207363985,142.96868232222536,0.0023177560414694653,9.035908832288439e-5
1,-221,0.02158887391253727,142.9902711961379,0.004317774782509787,4.000037482080643e-4
1,-215,0.01435807825881451,143.0046292743967,0.0023930130431324415,-3.207936232295576e-4
1,-210,0.03830764070680634,143.04293691510352,0.00766152814136376,0.0010537030196462638
1,-205,0.029050283688563334,143.0719871987921,0.005810056737715286,-3.702942807296949e-4
1,-200,0.014746234935363966,143.08673343372746,0.002949246987071774,-5.721619501287023e-4
1,-195,0.03780687293293124,143.12454030666038,0.007561374586583724,9.224255199023901e-4
1,-190,0.018816209565783167,143.14335651622616,0.0037632419131568896,-7.59626534685367e-4
1,-185,0.03585080871628696,143.17920732494247,0.0071701617432609055,6.813839660208032e-4
1,-180,0.02509774966064763,143.2043050746031,0.00501954993212621,-4.3012236222693905e-4
1,-175,0.02663105326839656,143.2309361278715,0.005326210653680619,6.13321443108817e-5
1,-170,0.099505941986588,143.3304420698581,0.01990118839731849,0.0029149955487275747
1,-165,0.03849183639188267,143.36893390624996,0.007698367278374007,-0.002440564223788897
1,-160,0.07261696313233666,143.4415508693823,0.014523392626466602,0.001365005069618519
1,-155,0.13591972495884078,143.57747059434115,0.02718394499177066,0.0025321104730608116
1,-150,0.03988384195325984,143.61735443629442,0.007976768390653888,-0.0038414353202233546
1,-145,0.0313898876527057,143.6487443239471,0.006277977530538692,-3.3975817202303927e-4
1,-140,0.09465814850745445,143.74340247245456,0.01893162970148978,0.0025307304341902178
1,-135,0.04462178037663962,143.7880242528312,0.008924356075328887,-0.0020014547252321787
1,-130,0.045904091510167,143.83392834434136,0.009180818302030502,5.129244534032296e-5
1,-125,0.01631809921635554,143.85024644355772,0.003263619843272636,-0.001183439691751573
1,-120,0.02019522129902243,143.87044166485674,0.004039044259803859,1.5508488330624468e-4
1,-115,0.025139020060422308,143.89558068491718,0.005027804012087245,1.977519504566771e-4
1,-110,0.019299487827297204,143.91488017274446,0.0038598975654565494,-2.3358128932613907e-4
1,-105,0.014718206772149385,143.92959837951662,0.0029436413544317473,-1.832512422049604e-4
1,-100,0.00591716,143.93551553951662,0.0011834319999991295,-3.520418708865236e-4
1,-95,0.026986904463814916,143.96250244398044,0.005397380892765114,8.42789778553197e-4
1,-90,0.021337213365617592,143.98383965734604,0.004267442673119603,-2.2598764392910213e-4
1,-85,0.028024988846683446,144.01186464619275,0.005604997769341935,2.675110192444664e-4
1,-82,0.11484472382478257,144.12670937001752,0.03828157460825802,0.010892192279638694
1,-81,0.1931421070886552,144.31985147710617,0.1931421070886472,0.1548605324803892
1,-80,0.2008138377595697,144.52066531486574,0.20081383775956851,0.007671730670921306
1,-79,0.09380831519646861,144.6144736300622,0.09380831519646904,-0.10700552256309948
1,-77.5,0.7552483035046598,145.36972193356686,0.5034988690031051,0.2731270358710907
1,-75,0.816496580927726,146.18621851449458,0.32659863237108766,-0.070760094652807
1,-74,0,146.18621851449458,0,-0.32659863237108766
1,-72.5,0,146.18621851449458,0,0
1,-71,0.5290400570018648,146.71525857149646,0.35269337133458595,0.2351289142230573
1,-70,0.47630790042676496,147.19156647192324,0.4763079004267752,0.12361452909218923
1,-68,0.039916141283270985,147.2314826132065,0.019958070641635572,-0.2281749148925698
1,-64,0.042101342031110676,147.2735839552376,0.010525335507772127,-0.0023581837834658614
1,-59.5,0.04537028291709853,147.3189542381547,0.010082285092689998,-9.845564779602862e-5
1,-54,0.057962841595385284,147.3769170797501,0.010538698471887901,8.298425076325514e-5
1,-45,0.03926177483763832,147.41617885458774,0.004362419426406127,-6.862532272757527e-4
1,-34.5,0.4812899683598636,147.8974688229476,0.04583713984379485,0.00394997337308464
1,-26.5,0.24894291362376142,148.14641173657137,0.031117864202972356,-0.001839909455102812
1,-20.5,0.4514836444401874,148.59789538101154,0.07524727407336229,0.007354901645064989
1,-15,0.10193574206396604,148.6998311230755,0.018533771284358572,-0.010311545961637041
1,-9.5,0.05556212196161834,148.75539324503714,0.010102203993023357,-0.001533012234788221
1,-2.5,0.023911248753141493,148.77930449379028,0.003415892679019602,-9.55187330571965e-4
1,4,0.04692409231893935,148.8262285861092,0.007219091125989507,5.851074533799854e-4
1,8.5,0.04517787958358931,148.8714064656928,0.01003952879635032,6.267639267468471e-4
1,13,0.032519706487424874,148.90392617218023,0.007226601441655273,-6.250949677100103e-4
1,17.5,0.04267821142552791,148.94660438360575,0.009484046983446761,5.016545648425529e-4
1,20,0.03638193314298951,148.98298631674874,0.014552773257196349,0.0020274905094998354
1,23,0.051467224515599395,149.03445354126433,0.017155741505196904,8.676560826668516e-4
1,25.5,0.0810212786113352,149.1154748198757,0.03240851144454382,0.006101107975738766
1,28,0.020201690026661626,149.13567650990234,0.008080676010661137,-0.009731134173553074
1,31,0.03147636720620332,149.16715287710855,0.010492122402069981,8.03815463802948e-4
1,34,0.019652068060294597,149.18680494516883,0.006550689353427212,-0.0013138110162142563
1,37.5,0.020034449249387777,149.2068393944182,0.005724128356965659,-2.3616028470330102e-4
1,40.5,0.030595732387941024,149.23743512680616,0.010198577462650368,0.0014914830352282364
1,42,0.013425219133396421,149.25086034593957,0.008950146088939922,-8.322875824736305e-4
